{
  "model_type": "RandomForestClassifier",
  "n_features": 163,
  "n_classes": 4,
  "class_names": [
    "modern_earth",
    "archean_earth",
    "lifeless",
    "false_positive"
  ],
  "wavelengths": [
    4.0,
    4.04,
    4.0804,
    4.121204,
    4.16241604,
    4.2040402,
    4.246080602,
    4.288541408,
    4.331426823,
    4.374741091,
    4.418488502,
    4.462673387,
    4.507300121,
    4.552373122,
    4.597896853,
    4.643875821,
    4.69031458,
    4.737217725,
    4.784589903,
    4.832435802,
    4.88076016,
    4.929567761,
    4.978863439,
    5.028652073,
    5.078938594,
    5.12972798,
    5.18102526,
    5.232835512,
    5.285163868,
    5.338015506,
    5.391395661,
    5.445309618,
    5.499762714,
    5.554760341,
    5.610307945,
    5.666411024,
    5.723075134,
    5.780305886,
    5.838108945,
    5.896490034,
    5.955454934,
    6.015009484,
    6.075159579,
    6.135911174,
    6.197270286,
    6.259242989,
    6.321835419,
    6.385053773,
    6.448904311,
    6.513393354,
    6.578527287,
    6.64431256,
    6.710755686,
    6.777863243,
    6.845641875,
    6.914098294,
    6.983239277,
    7.05307167,
    7.123602386,
    7.19483841,
    7.266786794,
    7.339454662,
    7.412849209,
    7.486977701,
    7.561847478,
    7.637465953,
    7.713840612,
    7.790979018,
    7.868888809,
    7.947577697,
    8.027053474,
    8.107324008,
    8.188397248,
    8.270281221,
    8.352984033,
    8.436513873,
    8.520879012,
    8.606087802,
    8.69214868,
    8.779070167,
    8.866860869,
    8.955529477,
    9.045084772,
    9.13553562,
    9.226890976,
    9.319159886,
    9.412351485,
    9.506475,
    9.60153975,
    9.697555147,
    9.794530699,
    9.892476006,
    9.991400766,
    10.09131477,
    10.19222792,
    10.2941502,
    10.3970917,
    10.50106262,
    10.60607325,
    10.71213398,
    10.81925532,
    10.92744787,
    11.03672235,
    11.14708957,
    11.25856047,
    11.37114607,
    11.48485753,
    11.59970611,
    11.71570317,
    11.8328602,
    11.9511888,
    12.07070069,
    12.1914077,
    12.31332178,
    12.43645499,
    12.56081954,
    12.68642774,
    12.81329202,
    12.94142494,
    13.07083919,
    13.20154758,
    13.33356305,
    13.46689868,
    13.60156767,
    13.73758335,
    13.87495918,
    14.01370877,
    14.15384586,
    14.29538432,
    14.43833816,
    14.58272154,
    14.72854876,
    14.87583425,
    15.02459259,
    15.17483852,
    15.3265869,
    15.47985277,
    15.6346513,
    15.79099781,
    15.94890779,
    16.10839687,
    16.26948084,
    16.43217564,
    16.5964974,
    16.76246237,
    16.930087,
    17.09938787,
    17.27038175,
    17.44308556,
    17.61751642,
    17.79369158,
    17.9716285,
    18.15134478,
    18.33285823
  ],
  "wavelength_range": [
    4.0,
    18.33285823
  ],
  "n_wavelengths": 154,
  "training_info": {
    "noise_augmentation": true,
    "snr_levels": [
      50,
      30,
      20
    ],
    "test_accuracy": 0.999
  }
}